{"public":{"fingerprints":[],"development":{"stylesheets":{"assets\/css\/less\/master.less":"assets\/css\/less\/master-23884fa1b501c25c448f4c558d00ae8a.css"},"javascripts":{"assets\/js\/bootstrap\/bootstrap.js":"assets\/js\/bootstrap\/bootstrap-16f389783035a25a5c116a63eb0a4483.js","46c36c40c3298bc2061c35e3a4b07f2b\/affix.js":"46c36c40c3298bc2061c35e3a4b07f2b\/affix-833e914e4bc8aa7748cf00c38b7be897.js","46c36c40c3298bc2061c35e3a4b07f2b\/alert.js":"46c36c40c3298bc2061c35e3a4b07f2b\/alert-833e914e4bc8aa7748cf00c38b7be897.js","46c36c40c3298bc2061c35e3a4b07f2b\/button.js":"46c36c40c3298bc2061c35e3a4b07f2b\/button-833e914e4bc8aa7748cf00c38b7be897.js","46c36c40c3298bc2061c35e3a4b07f2b\/carousel.js":"46c36c40c3298bc2061c35e3a4b07f2b\/carousel-833e914e4bc8aa7748cf00c38b7be897.js","46c36c40c3298bc2061c35e3a4b07f2b\/collapse.js":"46c36c40c3298bc2061c35e3a4b07f2b\/collapse-833e914e4bc8aa7748cf00c38b7be897.js","46c36c40c3298bc2061c35e3a4b07f2b\/dropdown.js":"46c36c40c3298bc2061c35e3a4b07f2b\/dropdown-833e914e4bc8aa7748cf00c38b7be897.js","46c36c40c3298bc2061c35e3a4b07f2b\/modal.js":"46c36c40c3298bc2061c35e3a4b07f2b\/modal-833e914e4bc8aa7748cf00c38b7be897.js","46c36c40c3298bc2061c35e3a4b07f2b\/popover.js":"46c36c40c3298bc2061c35e3a4b07f2b\/popover-833e914e4bc8aa7748cf00c38b7be897.js","46c36c40c3298bc2061c35e3a4b07f2b\/scrollspy.js":"46c36c40c3298bc2061c35e3a4b07f2b\/scrollspy-833e914e4bc8aa7748cf00c38b7be897.js","46c36c40c3298bc2061c35e3a4b07f2b\/tab.js":"46c36c40c3298bc2061c35e3a4b07f2b\/tab-833e914e4bc8aa7748cf00c38b7be897.js","46c36c40c3298bc2061c35e3a4b07f2b\/tooltip.js":"46c36c40c3298bc2061c35e3a4b07f2b\/tooltip-833e914e4bc8aa7748cf00c38b7be897.js","46c36c40c3298bc2061c35e3a4b07f2b\/transition.js":"46c36c40c3298bc2061c35e3a4b07f2b\/transition-833e914e4bc8aa7748cf00c38b7be897.js"}}},"admin":{"fingerprints":[],"development":{"stylesheets":{"assets\/css\/less\/master.less":"assets\/css\/less\/master-23884fa1b501c25c448f4c558d00ae8a.css","assets\/css\/wysihtml5\/prettify.css":"assets\/css\/wysihtml5\/prettify-f014e04ca5d5834e1001f7c758d2dc1f.css","assets\/css\/wysihtml5\/bootstrap-wysihtml5.css":"assets\/css\/wysihtml5\/bootstrap-wysihtml5-f014e04ca5d5834e1001f7c758d2dc1f.css","assets\/css\/datatables-bootstrap.css":"assets\/css\/datatables-bootstrap-f014e04ca5d5834e1001f7c758d2dc1f.css","assets\/css\/colorbox.css":"assets\/css\/colorbox-f014e04ca5d5834e1001f7c758d2dc1f.css"},"javascripts":{"assets\/js\/bootstrap\/bootstrap.js":"assets\/js\/bootstrap\/bootstrap-16f389783035a25a5c116a63eb0a4483.js","assets\/js\/wysihtml5\/wysihtml5-0.3.0.js":"assets\/js\/wysihtml5\/wysihtml5-0.3.0-16f389783035a25a5c116a63eb0a4483.js","assets\/js\/wysihtml5\/bootstrap-wysihtml5.js":"assets\/js\/wysihtml5\/bootstrap-wysihtml5-16f389783035a25a5c116a63eb0a4483.js","assets\/js\/datatables-bootstrap.js":"assets\/js\/datatables-bootstrap-16f389783035a25a5c116a63eb0a4483.js","assets\/js\/datatables.fnReloadAjax.js":"assets\/js\/datatables.fnReloadAjax-16f389783035a25a5c116a63eb0a4483.js","assets\/js\/jquery.colorbox.js":"assets\/js\/jquery.colorbox-16f389783035a25a5c116a63eb0a4483.js","assets\/js\/prettify.js":"assets\/js\/prettify-16f389783035a25a5c116a63eb0a4483.js"}}}}